,timestamp,Average,InstanceId,metricName,InstanceType
0,1602773820.0,0.10001852366397496,i-042aeb4e0ba6d32c1,CPUUtilization,t2.micro
1,1602771720.0,0.0338983050847438,i-042aeb4e0ba6d32c1,CPUUtilization,t2.micro
2,1602775920.0,0.0661202185792408,i-042aeb4e0ba6d32c1,CPUUtilization,t2.micro
3,1602766320.0,0.0672316384180848,i-042aeb4e0ba6d32c1,CPUUtilization,t2.micro
4,1602768420.0,0.1316939890710308,i-042aeb4e0ba6d32c1,CPUUtilization,t2.micro
5,1602770520.0,0.0666666666666724,i-042aeb4e0ba6d32c1,CPUUtilization,t2.micro
6,1602774720.0,0.0333333333333314,i-042aeb4e0ba6d32c1,CPUUtilization,t2.micro
7,1602772620.0,0.0999999999999942,i-042aeb4e0ba6d32c1,CPUUtilization,t2.micro
8,1602767220.0,0.133351856997316,i-042aeb4e0ba6d32c1,CPUUtilization,t2.micro
9,1602776220.0,0.1005649717514066,i-042aeb4e0ba6d32c1,CPUUtilization,t2.micro
10,1602766620.0,0.0999999999999942,i-042aeb4e0ba6d32c1,CPUUtilization,t2.micro
11,1602768720.0,0.0672316384180848,i-042aeb4e0ba6d32c1,CPUUtilization,t2.micro
12,1602770820.0,0.0999999999999942,i-042aeb4e0ba6d32c1,CPUUtilization,t2.micro
13,1602775020.0,0.0999999999999942,i-042aeb4e0ba6d32c1,CPUUtilization,t2.micro
14,1602772920.0,0.0666666666666724,i-042aeb4e0ba6d32c1,CPUUtilization,t2.micro
15,1602767520.0,0.0333333333333314,i-042aeb4e0ba6d32c1,CPUUtilization,t2.micro
16,1602769620.0,0.0672316384180752,i-042aeb4e0ba6d32c1,CPUUtilization,t2.micro
17,1602766920.0,0.0677966101694972,i-042aeb4e0ba6d32c1,CPUUtilization,t2.micro
18,1602769020.0,0.10001852366397496,i-042aeb4e0ba6d32c1,CPUUtilization,t2.micro
19,1602773220.0,0.10001852366397496,i-042aeb4e0ba6d32c1,CPUUtilization,t2.micro
20,1602771120.0,0.0661202185792408,i-042aeb4e0ba6d32c1,CPUUtilization,t2.micro
21,1602775320.0,0.0661202185792408,i-042aeb4e0ba6d32c1,CPUUtilization,t2.micro
22,1602767820.0,0.0994535519125626,i-042aeb4e0ba6d32c1,CPUUtilization,t2.micro
23,1602769920.0,0.1327868852459036,i-042aeb4e0ba6d32c1,CPUUtilization,t2.micro
24,1602774120.0,0.0672316384180848,i-042aeb4e0ba6d32c1,CPUUtilization,t2.micro
25,1602772020.0,0.0994720755765434,i-042aeb4e0ba6d32c1,CPUUtilization,t2.micro
26,1602769320.0,0.0666851903306532,i-042aeb4e0ba6d32c1,CPUUtilization,t2.micro
27,1602773520.0,0.0666666666666724,i-042aeb4e0ba6d32c1,CPUUtilization,t2.micro
28,1602771420.0,0.13333333333333522,i-042aeb4e0ba6d32c1,CPUUtilization,t2.micro
29,1602775620.0,0.0994535519125626,i-042aeb4e0ba6d32c1,CPUUtilization,t2.micro
30,1602768120.0,0.033333333333341,i-042aeb4e0ba6d32c1,CPUUtilization,t2.micro
31,1602770220.0,0.0655737704917996,i-042aeb4e0ba6d32c1,CPUUtilization,t2.micro
32,1602774420.0,0.13333333333333522,i-042aeb4e0ba6d32c1,CPUUtilization,t2.micro
33,1602772320.0,0.0672316384180848,i-042aeb4e0ba6d32c1,CPUUtilization,t2.micro
34,1602776520.0,0.0661202185792404,i-042aeb4e0ba6d32c1,CPUUtilization,t2.micro
35,1602773820.0,0.10001852366397496,i-0d3e7f37add3d7bd4,CPUUtilization,t2.micro
36,1602771720.0,0.0666851903306528,i-0d3e7f37add3d7bd4,CPUUtilization,t2.micro
37,1602775920.0,0.0655737704917996,i-0d3e7f37add3d7bd4,CPUUtilization,t2.micro
38,1602766320.0,0.0333333333333314,i-0d3e7f37add3d7bd4,CPUUtilization,t2.micro
39,1602768420.0,0.1000185236639846,i-0d3e7f37add3d7bd4,CPUUtilization,t2.micro
40,1602770520.0,0.0666666666666628,i-0d3e7f37add3d7bd4,CPUUtilization,t2.micro
41,1602774720.0,0.0322580645161272,i-0d3e7f37add3d7bd4,CPUUtilization,t2.micro
42,1602772620.0,0.0661202185792404,i-0d3e7f37add3d7bd4,CPUUtilization,t2.micro
43,1602767220.0,0.0994535519125722,i-0d3e7f37add3d7bd4,CPUUtilization,t2.micro
44,1602776220.0,0.0672316384180752,i-0d3e7f37add3d7bd4,CPUUtilization,t2.micro
45,1602766620.0,0.10056497175141617,i-0d3e7f37add3d7bd4,CPUUtilization,t2.micro
46,1602768720.0,0.0672316384180752,i-0d3e7f37add3d7bd4,CPUUtilization,t2.micro
47,1602770820.0,0.0666666666666628,i-0d3e7f37add3d7bd4,CPUUtilization,t2.micro
48,1602775020.0,0.0672316384180848,i-0d3e7f37add3d7bd4,CPUUtilization,t2.micro
49,1602772920.0,0.0661202185792312,i-0d3e7f37add3d7bd4,CPUUtilization,t2.micro
50,1602767520.0,0.0338983050847438,i-0d3e7f37add3d7bd4,CPUUtilization,t2.micro
51,1602769620.0,0.0666851903306528,i-0d3e7f37add3d7bd4,CPUUtilization,t2.micro
52,1602766920.0,0.0655737704917996,i-0d3e7f37add3d7bd4,CPUUtilization,t2.micro
53,1602769020.0,0.0661202185792404,i-0d3e7f37add3d7bd4,CPUUtilization,t2.micro
54,1602773220.0,0.0661202185792312,i-0d3e7f37add3d7bd4,CPUUtilization,t2.micro
55,1602771120.0,0.06557377049180879,i-0d3e7f37add3d7bd4,CPUUtilization,t2.micro
56,1602775320.0,0.0672316384180752,i-0d3e7f37add3d7bd4,CPUUtilization,t2.micro
57,1602767820.0,0.0655737704917996,i-0d3e7f37add3d7bd4,CPUUtilization,t2.micro
58,1602769920.0,0.0677966101694876,i-0d3e7f37add3d7bd4,CPUUtilization,t2.micro
59,1602774120.0,0.0672316384180848,i-0d3e7f37add3d7bd4,CPUUtilization,t2.micro
60,1602772020.0,0.0661202185792312,i-0d3e7f37add3d7bd4,CPUUtilization,t2.micro
61,1602769320.0,0.0661202185792312,i-0d3e7f37add3d7bd4,CPUUtilization,t2.micro
62,1602773520.0,0.0666851903306528,i-0d3e7f37add3d7bd4,CPUUtilization,t2.micro
63,1602771420.0,0.0661202185792312,i-0d3e7f37add3d7bd4,CPUUtilization,t2.micro
64,1602775620.0,0.0666666666666724,i-0d3e7f37add3d7bd4,CPUUtilization,t2.micro
65,1602768120.0,0.0327868852458998,i-0d3e7f37add3d7bd4,CPUUtilization,t2.micro
66,1602770220.0,0.0994535519125722,i-0d3e7f37add3d7bd4,CPUUtilization,t2.micro
67,1602774420.0,0.0666666666666628,i-0d3e7f37add3d7bd4,CPUUtilization,t2.micro
68,1602772320.0,0.0338983050847438,i-0d3e7f37add3d7bd4,CPUUtilization,t2.micro
69,1602776520.0,0.0672316384180848,i-0d3e7f37add3d7bd4,CPUUtilization,t2.micro
70,1602773820.0,0.13171161642869902,i-0416265b3482441f0,CPUUtilization,t2.micro
71,1602771720.0,0.16732431855221158,i-0416265b3482441f0,CPUUtilization,t2.micro
72,1602775920.0,0.06666666666666761,i-0416265b3482441f0,CPUUtilization,t2.micro
73,1602766320.0,0.0333333333333314,i-0416265b3482441f0,CPUUtilization,t2.micro
74,1602768420.0,0.1000185236639796,i-0416265b3482441f0,CPUUtilization,t2.micro
75,1602770520.0,0.0666851903306436,i-0416265b3482441f0,CPUUtilization,t2.micro
76,1602774720.0,0.16612021857923498,i-0416265b3482441f0,CPUUtilization,t2.micro
77,1602772620.0,0.2322589608224514,i-0416265b3482441f0,CPUUtilization,t2.micro
78,1602767220.0,0.1005649717514162,i-0416265b3482441f0,CPUUtilization,t2.micro
79,1602776220.0,0.1000185236639798,i-0416265b3482441f0,CPUUtilization,t2.micro
80,1602766620.0,0.13282303626754338,i-0416265b3482441f0,CPUUtilization,t2.micro
81,1602768720.0,0.06723163841808001,i-0416265b3482441f0,CPUUtilization,t2.micro
82,1602770820.0,0.1333518569973158,i-0416265b3482441f0,CPUUtilization,t2.micro
83,1602775020.0,0.099999999999999,i-0416265b3482441f0,CPUUtilization,t2.micro
84,1602772920.0,0.16726964386659102,i-0416265b3482441f0,CPUUtilization,t2.micro
85,1602767520.0,0.0666666666666628,i-0416265b3482441f0,CPUUtilization,t2.micro
86,1602769620.0,0.16723163841807906,i-0416265b3482441f0,CPUUtilization,t2.micro
87,1602766920.0,0.0666666666666628,i-0416265b3482441f0,CPUUtilization,t2.micro
88,1602769020.0,0.06612021857923599,i-0416265b3482441f0,CPUUtilization,t2.micro
89,1602773220.0,0.2333518569973148,i-0416265b3482441f0,CPUUtilization,t2.micro
90,1602771120.0,0.13446327683616002,i-0416265b3482441f0,CPUUtilization,t2.micro
91,1602775320.0,0.06666666666666761,i-0416265b3482441f0,CPUUtilization,t2.micro
92,1602767820.0,0.06666666666666761,i-0416265b3482441f0,CPUUtilization,t2.micro
93,1602769920.0,0.0666666666666628,i-0416265b3482441f0,CPUUtilization,t2.micro
94,1602774120.0,0.0333333333333314,i-0416265b3482441f0,CPUUtilization,t2.micro
95,1602772020.0,0.3306010928961748,i-0416265b3482441f0,CPUUtilization,t2.micro
96,1602769320.0,0.06612021857923599,i-0416265b3482441f0,CPUUtilization,t2.micro
97,1602773520.0,0.1333518569973112,i-0416265b3482441f0,CPUUtilization,t2.micro
98,1602771420.0,0.1328054089098796,i-0416265b3482441f0,CPUUtilization,t2.micro
99,1602775620.0,0.099472075576548,i-0416265b3482441f0,CPUUtilization,t2.micro
100,1602768120.0,0.06666666666666761,i-0416265b3482441f0,CPUUtilization,t2.micro
101,1602770220.0,0.1000185236639844,i-0416265b3482441f0,CPUUtilization,t2.micro
102,1602774420.0,0.13278688524590335,i-0416265b3482441f0,CPUUtilization,t2.micro
103,1602772320.0,0.2338983050847466,i-0416265b3482441f0,CPUUtilization,t2.micro
104,1602776520.0,0.06723163841808001,i-0416265b3482441f0,CPUUtilization,t2.micro
105,1602773820.0,0.0,i-0b2a67b83f8221206,CPUUtilization,t3.micro
106,1602771720.0,0.0,i-0b2a67b83f8221206,CPUUtilization,t3.micro
107,1602775920.0,0.0,i-0b2a67b83f8221206,CPUUtilization,t3.micro
108,1602766320.0,0.0,i-0b2a67b83f8221206,CPUUtilization,t3.micro
109,1602768420.0,0.0,i-0b2a67b83f8221206,CPUUtilization,t3.micro
110,1602770520.0,0.0,i-0b2a67b83f8221206,CPUUtilization,t3.micro
111,1602774720.0,0.0,i-0b2a67b83f8221206,CPUUtilization,t3.micro
112,1602772620.0,0.0,i-0b2a67b83f8221206,CPUUtilization,t3.micro
113,1602776820.0,0.0,i-0b2a67b83f8221206,CPUUtilization,t3.micro
114,1602767220.0,0.0,i-0b2a67b83f8221206,CPUUtilization,t3.micro
115,1602776220.0,0.0,i-0b2a67b83f8221206,CPUUtilization,t3.micro
116,1602766620.0,0.0,i-0b2a67b83f8221206,CPUUtilization,t3.micro
117,1602768720.0,0.0,i-0b2a67b83f8221206,CPUUtilization,t3.micro
118,1602770820.0,0.0,i-0b2a67b83f8221206,CPUUtilization,t3.micro
119,1602775020.0,0.0,i-0b2a67b83f8221206,CPUUtilization,t3.micro
120,1602772920.0,0.0,i-0b2a67b83f8221206,CPUUtilization,t3.micro
121,1602767520.0,0.0,i-0b2a67b83f8221206,CPUUtilization,t3.micro
122,1602769620.0,0.0,i-0b2a67b83f8221206,CPUUtilization,t3.micro
123,1602766920.0,0.0,i-0b2a67b83f8221206,CPUUtilization,t3.micro
124,1602769020.0,0.0,i-0b2a67b83f8221206,CPUUtilization,t3.micro
125,1602773220.0,0.0,i-0b2a67b83f8221206,CPUUtilization,t3.micro
126,1602771120.0,0.0,i-0b2a67b83f8221206,CPUUtilization,t3.micro
127,1602775320.0,0.0,i-0b2a67b83f8221206,CPUUtilization,t3.micro
128,1602767820.0,0.0,i-0b2a67b83f8221206,CPUUtilization,t3.micro
129,1602769920.0,0.0,i-0b2a67b83f8221206,CPUUtilization,t3.micro
130,1602774120.0,0.0,i-0b2a67b83f8221206,CPUUtilization,t3.micro
131,1602772020.0,0.0,i-0b2a67b83f8221206,CPUUtilization,t3.micro
132,1602769320.0,0.0,i-0b2a67b83f8221206,CPUUtilization,t3.micro
133,1602773520.0,0.0,i-0b2a67b83f8221206,CPUUtilization,t3.micro
134,1602771420.0,0.0,i-0b2a67b83f8221206,CPUUtilization,t3.micro
135,1602775620.0,0.0,i-0b2a67b83f8221206,CPUUtilization,t3.micro
136,1602768120.0,0.0,i-0b2a67b83f8221206,CPUUtilization,t3.micro
137,1602770220.0,0.0,i-0b2a67b83f8221206,CPUUtilization,t3.micro
138,1602774420.0,0.0,i-0b2a67b83f8221206,CPUUtilization,t3.micro
139,1602772320.0,0.0,i-0b2a67b83f8221206,CPUUtilization,t3.micro
140,1602776520.0,0.0,i-0b2a67b83f8221206,CPUUtilization,t3.micro
141,1602773820.0,0.0,i-06398c2587d832076,CPUUtilization,t3.micro
142,1602771720.0,1.0,i-06398c2587d832076,CPUUtilization,t3.micro
143,1602775920.0,1.8,i-06398c2587d832076,CPUUtilization,t3.micro
144,1602766320.0,0.0,i-06398c2587d832076,CPUUtilization,t3.micro
145,1602768420.0,0.0,i-06398c2587d832076,CPUUtilization,t3.micro
146,1602770520.0,0.4,i-06398c2587d832076,CPUUtilization,t3.micro
147,1602774720.0,0.0,i-06398c2587d832076,CPUUtilization,t3.micro
148,1602772620.0,1.0,i-06398c2587d832076,CPUUtilization,t3.micro
149,1602776820.0,3.0,i-06398c2587d832076,CPUUtilization,t3.micro
150,1602767220.0,0.0,i-06398c2587d832076,CPUUtilization,t3.micro
151,1602776220.0,3.0,i-06398c2587d832076,CPUUtilization,t3.micro
152,1602766620.0,0.0,i-06398c2587d832076,CPUUtilization,t3.micro
153,1602768720.0,0.0,i-06398c2587d832076,CPUUtilization,t3.micro
154,1602770820.0,1.0,i-06398c2587d832076,CPUUtilization,t3.micro
155,1602775020.0,0.4,i-06398c2587d832076,CPUUtilization,t3.micro
156,1602772920.0,1.0,i-06398c2587d832076,CPUUtilization,t3.micro
157,1602767520.0,0.0,i-06398c2587d832076,CPUUtilization,t3.micro
158,1602769620.0,0.0,i-06398c2587d832076,CPUUtilization,t3.micro
159,1602766920.0,0.0,i-06398c2587d832076,CPUUtilization,t3.micro
160,1602769020.0,0.0,i-06398c2587d832076,CPUUtilization,t3.micro
161,1602773220.0,1.0,i-06398c2587d832076,CPUUtilization,t3.micro
162,1602771120.0,1.0,i-06398c2587d832076,CPUUtilization,t3.micro
163,1602775320.0,1.2,i-06398c2587d832076,CPUUtilization,t3.micro
164,1602767820.0,0.0,i-06398c2587d832076,CPUUtilization,t3.micro
165,1602769920.0,0.0,i-06398c2587d832076,CPUUtilization,t3.micro
166,1602774120.0,0.0,i-06398c2587d832076,CPUUtilization,t3.micro
167,1602772020.0,1.0,i-06398c2587d832076,CPUUtilization,t3.micro
168,1602769320.0,0.0,i-06398c2587d832076,CPUUtilization,t3.micro
169,1602773520.0,0.0,i-06398c2587d832076,CPUUtilization,t3.micro
170,1602771420.0,1.0,i-06398c2587d832076,CPUUtilization,t3.micro
171,1602775620.0,0.6,i-06398c2587d832076,CPUUtilization,t3.micro
172,1602768120.0,0.0,i-06398c2587d832076,CPUUtilization,t3.micro
173,1602770220.0,0.0,i-06398c2587d832076,CPUUtilization,t3.micro
174,1602774420.0,0.0,i-06398c2587d832076,CPUUtilization,t3.micro
175,1602772320.0,1.0,i-06398c2587d832076,CPUUtilization,t3.micro
176,1602776520.0,3.0,i-06398c2587d832076,CPUUtilization,t3.micro
177,1602773820.0,7.380225988700538,i-0e9b24dc6685321fd,CPUUtilization,t2.micro
178,1602771720.0,3.28153382325234,i-0e9b24dc6685321fd,CPUUtilization,t2.micro
179,1602775920.0,18.472418264332667,i-0e9b24dc6685321fd,CPUUtilization,t2.micro
180,1602766320.0,0.2984162267296404,i-0e9b24dc6685321fd,CPUUtilization,t2.micro
181,1602768420.0,0.5979253496341432,i-0e9b24dc6685321fd,CPUUtilization,t2.micro
182,1602770520.0,0.3672686857460489,i-0e9b24dc6685321fd,CPUUtilization,t2.micro
183,1602774720.0,8.618579234972714,i-0e9b24dc6685321fd,CPUUtilization,t2.micro
184,1602772620.0,1.954718903399084,i-0e9b24dc6685321fd,CPUUtilization,t2.micro
185,1602767220.0,0.33450032416412,i-0e9b24dc6685321fd,CPUUtilization,t2.micro
186,1602776220.0,15.52222839677684,i-0e9b24dc6685321fd,CPUUtilization,t2.micro
187,1602766620.0,0.6323330554784052,i-0e9b24dc6685321fd,CPUUtilization,t2.micro
188,1602768720.0,0.3333703806612941,i-0e9b24dc6685321fd,CPUUtilization,t2.micro
189,1602770820.0,0.33282393257386306,i-0e9b24dc6685321fd,CPUUtilization,t2.micro
190,1602775020.0,3.0667407613226034,i-0e9b24dc6685321fd,CPUUtilization,t2.micro
191,1602772920.0,8.092896174863409,i-0e9b24dc6685321fd,CPUUtilization,t2.micro
192,1602767520.0,0.5655737704917803,i-0e9b24dc6685321fd,CPUUtilization,t2.micro
193,1602769620.0,0.3323127392017496,i-0e9b24dc6685321fd,CPUUtilization,t2.micro
194,1602766920.0,0.33333333333333337,i-0e9b24dc6685321fd,CPUUtilization,t2.micro
195,1602769020.0,0.3333703806612948,i-0e9b24dc6685321fd,CPUUtilization,t2.micro
196,1602773220.0,8.847744743910342,i-0e9b24dc6685321fd,CPUUtilization,t2.micro
197,1602771120.0,0.5666666666666813,i-0e9b24dc6685321fd,CPUUtilization,t2.micro
198,1602775320.0,13.399999999999919,i-0e9b24dc6685321fd,CPUUtilization,t2.micro
199,1602767820.0,0.3666666666666742,i-0e9b24dc6685321fd,CPUUtilization,t2.micro
200,1602769920.0,0.3346115897764606,i-0e9b24dc6685321fd,CPUUtilization,t2.micro
201,1602774120.0,12.391997777160384,i-0e9b24dc6685321fd,CPUUtilization,t2.micro
202,1602772020.0,2.5613874224321345,i-0e9b24dc6685321fd,CPUUtilization,t2.micro
203,1602769320.0,0.5957025099564921,i-0e9b24dc6685321fd,CPUUtilization,t2.micro
204,1602773520.0,5.954311382791504,i-0e9b24dc6685321fd,CPUUtilization,t2.micro
205,1602771420.0,0.365646072535053,i-0e9b24dc6685321fd,CPUUtilization,t2.micro
206,1602775620.0,4.666160202083126,i-0e9b24dc6685321fd,CPUUtilization,t2.micro
207,1602768120.0,0.33333333333333337,i-0e9b24dc6685321fd,CPUUtilization,t2.micro
208,1602770220.0,0.5999999999999848,i-0e9b24dc6685321fd,CPUUtilization,t2.micro
209,1602774420.0,8.359071964434511,i-0e9b24dc6685321fd,CPUUtilization,t2.micro
210,1602772320.0,6.535704362322872,i-0e9b24dc6685321fd,CPUUtilization,t2.micro
211,1602776520.0,17.66693525979438,i-0e9b24dc6685321fd,CPUUtilization,t2.micro
212,1602773820.0,0.0,i-03e4fffa4211b2449,CPUUtilization,c5d.4xlarge
213,1602771720.0,0.4,i-03e4fffa4211b2449,CPUUtilization,c5d.4xlarge
214,1602775920.0,0.0,i-03e4fffa4211b2449,CPUUtilization,c5d.4xlarge
215,1602768420.0,0.0,i-03e4fffa4211b2449,CPUUtilization,c5d.4xlarge
216,1602770520.0,0.6,i-03e4fffa4211b2449,CPUUtilization,c5d.4xlarge
217,1602774720.0,0.2,i-03e4fffa4211b2449,CPUUtilization,c5d.4xlarge
218,1602772620.0,0.0,i-03e4fffa4211b2449,CPUUtilization,c5d.4xlarge
219,1602776820.0,0.0,i-03e4fffa4211b2449,CPUUtilization,c5d.4xlarge
220,1602776220.0,0.0,i-03e4fffa4211b2449,CPUUtilization,c5d.4xlarge
221,1602768720.0,0.2,i-03e4fffa4211b2449,CPUUtilization,c5d.4xlarge
222,1602770820.0,0.6,i-03e4fffa4211b2449,CPUUtilization,c5d.4xlarge
223,1602775020.0,0.4,i-03e4fffa4211b2449,CPUUtilization,c5d.4xlarge
224,1602772920.0,0.2,i-03e4fffa4211b2449,CPUUtilization,c5d.4xlarge
225,1602769620.0,0.0,i-03e4fffa4211b2449,CPUUtilization,c5d.4xlarge
226,1602769020.0,1.8,i-03e4fffa4211b2449,CPUUtilization,c5d.4xlarge
227,1602773220.0,0.2,i-03e4fffa4211b2449,CPUUtilization,c5d.4xlarge
228,1602771120.0,0.4,i-03e4fffa4211b2449,CPUUtilization,c5d.4xlarge
229,1602775320.0,0.0,i-03e4fffa4211b2449,CPUUtilization,c5d.4xlarge
230,1602769920.0,0.0,i-03e4fffa4211b2449,CPUUtilization,c5d.4xlarge
231,1602774120.0,0.0,i-03e4fffa4211b2449,CPUUtilization,c5d.4xlarge
232,1602772020.0,0.6,i-03e4fffa4211b2449,CPUUtilization,c5d.4xlarge
233,1602769320.0,1.8,i-03e4fffa4211b2449,CPUUtilization,c5d.4xlarge
234,1602773520.0,0.0,i-03e4fffa4211b2449,CPUUtilization,c5d.4xlarge
235,1602771420.0,0.6,i-03e4fffa4211b2449,CPUUtilization,c5d.4xlarge
236,1602775620.0,6.8,i-03e4fffa4211b2449,CPUUtilization,c5d.4xlarge
237,1602768120.0,0.0,i-03e4fffa4211b2449,CPUUtilization,c5d.4xlarge
238,1602770220.0,0.4,i-03e4fffa4211b2449,CPUUtilization,c5d.4xlarge
239,1602774420.0,6.8,i-03e4fffa4211b2449,CPUUtilization,c5d.4xlarge
240,1602772320.0,0.2,i-03e4fffa4211b2449,CPUUtilization,c5d.4xlarge
241,1602776520.0,0.0,i-03e4fffa4211b2449,CPUUtilization,c5d.4xlarge
242,1602773820.0,0.0,i-0786b0a1032da9d2d,CPUUtilization,c5.4xlarge
243,1602771720.0,7.6,i-0786b0a1032da9d2d,CPUUtilization,c5.4xlarge
244,1602775920.0,0.0,i-0786b0a1032da9d2d,CPUUtilization,c5.4xlarge
245,1602768420.0,0.2,i-0786b0a1032da9d2d,CPUUtilization,c5.4xlarge
246,1602770520.0,6.8,i-0786b0a1032da9d2d,CPUUtilization,c5.4xlarge
247,1602774720.0,0.0,i-0786b0a1032da9d2d,CPUUtilization,c5.4xlarge
248,1602772620.0,0.0,i-0786b0a1032da9d2d,CPUUtilization,c5.4xlarge
249,1602776820.0,0.0,i-0786b0a1032da9d2d,CPUUtilization,c5.4xlarge
250,1602776220.0,0.0,i-0786b0a1032da9d2d,CPUUtilization,c5.4xlarge
251,1602768720.0,0.8,i-0786b0a1032da9d2d,CPUUtilization,c5.4xlarge
252,1602770820.0,7.6,i-0786b0a1032da9d2d,CPUUtilization,c5.4xlarge
253,1602775020.0,0.0,i-0786b0a1032da9d2d,CPUUtilization,c5.4xlarge
254,1602772920.0,0.0,i-0786b0a1032da9d2d,CPUUtilization,c5.4xlarge
255,1602769620.0,0.2,i-0786b0a1032da9d2d,CPUUtilization,c5.4xlarge
256,1602769020.0,23.4,i-0786b0a1032da9d2d,CPUUtilization,c5.4xlarge
257,1602773220.0,0.0,i-0786b0a1032da9d2d,CPUUtilization,c5.4xlarge
258,1602771120.0,8.0,i-0786b0a1032da9d2d,CPUUtilization,c5.4xlarge
259,1602775320.0,0.0,i-0786b0a1032da9d2d,CPUUtilization,c5.4xlarge
260,1602769920.0,0.0,i-0786b0a1032da9d2d,CPUUtilization,c5.4xlarge
261,1602774120.0,0.0,i-0786b0a1032da9d2d,CPUUtilization,c5.4xlarge
262,1602772020.0,7.8,i-0786b0a1032da9d2d,CPUUtilization,c5.4xlarge
263,1602769320.0,29.2,i-0786b0a1032da9d2d,CPUUtilization,c5.4xlarge
264,1602773520.0,0.0,i-0786b0a1032da9d2d,CPUUtilization,c5.4xlarge
265,1602771420.0,7.4,i-0786b0a1032da9d2d,CPUUtilization,c5.4xlarge
266,1602775620.0,0.0,i-0786b0a1032da9d2d,CPUUtilization,c5.4xlarge
267,1602768120.0,0.0,i-0786b0a1032da9d2d,CPUUtilization,c5.4xlarge
268,1602770220.0,2.0,i-0786b0a1032da9d2d,CPUUtilization,c5.4xlarge
269,1602774420.0,0.0,i-0786b0a1032da9d2d,CPUUtilization,c5.4xlarge
270,1602772320.0,5.2,i-0786b0a1032da9d2d,CPUUtilization,c5.4xlarge
271,1602776520.0,0.0,i-0786b0a1032da9d2d,CPUUtilization,c5.4xlarge
272,1602773820.0,0.0,i-05192effd17bdd6d3,CPUUtilization,c5.4xlarge
273,1602771720.0,15.4,i-05192effd17bdd6d3,CPUUtilization,c5.4xlarge
274,1602775920.0,0.0,i-05192effd17bdd6d3,CPUUtilization,c5.4xlarge
275,1602768420.0,0.2,i-05192effd17bdd6d3,CPUUtilization,c5.4xlarge
276,1602770520.0,14.4,i-05192effd17bdd6d3,CPUUtilization,c5.4xlarge
277,1602774720.0,0.2,i-05192effd17bdd6d3,CPUUtilization,c5.4xlarge
278,1602772620.0,1.0,i-05192effd17bdd6d3,CPUUtilization,c5.4xlarge
279,1602776820.0,0.0,i-05192effd17bdd6d3,CPUUtilization,c5.4xlarge
280,1602776220.0,0.0,i-05192effd17bdd6d3,CPUUtilization,c5.4xlarge
281,1602768720.0,1.8,i-05192effd17bdd6d3,CPUUtilization,c5.4xlarge
282,1602770820.0,15.8,i-05192effd17bdd6d3,CPUUtilization,c5.4xlarge
283,1602775020.0,1.0,i-05192effd17bdd6d3,CPUUtilization,c5.4xlarge
284,1602772920.0,1.0,i-05192effd17bdd6d3,CPUUtilization,c5.4xlarge
285,1602769620.0,0.0,i-05192effd17bdd6d3,CPUUtilization,c5.4xlarge
286,1602769020.0,58.2,i-05192effd17bdd6d3,CPUUtilization,c5.4xlarge
287,1602773220.0,0.4,i-05192effd17bdd6d3,CPUUtilization,c5.4xlarge
288,1602771120.0,16.4,i-05192effd17bdd6d3,CPUUtilization,c5.4xlarge
289,1602775320.0,3.4,i-05192effd17bdd6d3,CPUUtilization,c5.4xlarge
290,1602769920.0,0.0,i-05192effd17bdd6d3,CPUUtilization,c5.4xlarge
291,1602774120.0,0.0,i-05192effd17bdd6d3,CPUUtilization,c5.4xlarge
292,1602772020.0,16.2,i-05192effd17bdd6d3,CPUUtilization,c5.4xlarge
293,1602769320.0,60.8,i-05192effd17bdd6d3,CPUUtilization,c5.4xlarge
294,1602773520.0,0.0,i-05192effd17bdd6d3,CPUUtilization,c5.4xlarge
295,1602771420.0,15.6,i-05192effd17bdd6d3,CPUUtilization,c5.4xlarge
296,1602775620.0,22.4,i-05192effd17bdd6d3,CPUUtilization,c5.4xlarge
297,1602768120.0,0.0,i-05192effd17bdd6d3,CPUUtilization,c5.4xlarge
298,1602770220.0,4.8,i-05192effd17bdd6d3,CPUUtilization,c5.4xlarge
299,1602774420.0,25.2,i-05192effd17bdd6d3,CPUUtilization,c5.4xlarge
300,1602772320.0,10.0,i-05192effd17bdd6d3,CPUUtilization,c5.4xlarge
301,1602776520.0,0.0,i-05192effd17bdd6d3,CPUUtilization,c5.4xlarge
302,1602773820.0,0.0,i-05e0b7150b649ef1e,CPUUtilization,c5.4xlarge
303,1602771720.0,6.8,i-05e0b7150b649ef1e,CPUUtilization,c5.4xlarge
304,1602775920.0,0.0,i-05e0b7150b649ef1e,CPUUtilization,c5.4xlarge
305,1602768420.0,0.2,i-05e0b7150b649ef1e,CPUUtilization,c5.4xlarge
306,1602770520.0,6.6,i-05e0b7150b649ef1e,CPUUtilization,c5.4xlarge
307,1602774720.0,0.0,i-05e0b7150b649ef1e,CPUUtilization,c5.4xlarge
308,1602772620.0,0.0,i-05e0b7150b649ef1e,CPUUtilization,c5.4xlarge
309,1602776820.0,0.0,i-05e0b7150b649ef1e,CPUUtilization,c5.4xlarge
310,1602776220.0,0.0,i-05e0b7150b649ef1e,CPUUtilization,c5.4xlarge
311,1602768720.0,0.8,i-05e0b7150b649ef1e,CPUUtilization,c5.4xlarge
312,1602770820.0,6.8,i-05e0b7150b649ef1e,CPUUtilization,c5.4xlarge
313,1602775020.0,0.0,i-05e0b7150b649ef1e,CPUUtilization,c5.4xlarge
314,1602772920.0,0.0,i-05e0b7150b649ef1e,CPUUtilization,c5.4xlarge
315,1602769620.0,0.2,i-05e0b7150b649ef1e,CPUUtilization,c5.4xlarge
316,1602769020.0,23.4,i-05e0b7150b649ef1e,CPUUtilization,c5.4xlarge
317,1602773220.0,0.0,i-05e0b7150b649ef1e,CPUUtilization,c5.4xlarge
318,1602771120.0,7.4,i-05e0b7150b649ef1e,CPUUtilization,c5.4xlarge
319,1602775320.0,0.0,i-05e0b7150b649ef1e,CPUUtilization,c5.4xlarge
320,1602769920.0,0.0,i-05e0b7150b649ef1e,CPUUtilization,c5.4xlarge
321,1602774120.0,0.0,i-05e0b7150b649ef1e,CPUUtilization,c5.4xlarge
322,1602772020.0,7.2,i-05e0b7150b649ef1e,CPUUtilization,c5.4xlarge
323,1602769320.0,29.2,i-05e0b7150b649ef1e,CPUUtilization,c5.4xlarge
324,1602773520.0,0.0,i-05e0b7150b649ef1e,CPUUtilization,c5.4xlarge
325,1602771420.0,6.6,i-05e0b7150b649ef1e,CPUUtilization,c5.4xlarge
326,1602775620.0,0.0,i-05e0b7150b649ef1e,CPUUtilization,c5.4xlarge
327,1602768120.0,0.0,i-05e0b7150b649ef1e,CPUUtilization,c5.4xlarge
328,1602770220.0,1.8,i-05e0b7150b649ef1e,CPUUtilization,c5.4xlarge
329,1602774420.0,0.0,i-05e0b7150b649ef1e,CPUUtilization,c5.4xlarge
330,1602772320.0,4.8,i-05e0b7150b649ef1e,CPUUtilization,c5.4xlarge
331,1602776520.0,0.0,i-05e0b7150b649ef1e,CPUUtilization,c5.4xlarge
332,1602773820.0,0.0,i-09680bca7cde530ab,CPUUtilization,c5.4xlarge
333,1602771720.0,6.4,i-09680bca7cde530ab,CPUUtilization,c5.4xlarge
334,1602775920.0,0.0,i-09680bca7cde530ab,CPUUtilization,c5.4xlarge
335,1602768420.0,0.2,i-09680bca7cde530ab,CPUUtilization,c5.4xlarge
336,1602770520.0,6.2,i-09680bca7cde530ab,CPUUtilization,c5.4xlarge
337,1602774720.0,0.0,i-09680bca7cde530ab,CPUUtilization,c5.4xlarge
338,1602772620.0,0.0,i-09680bca7cde530ab,CPUUtilization,c5.4xlarge
339,1602776820.0,0.0,i-09680bca7cde530ab,CPUUtilization,c5.4xlarge
340,1602776220.0,0.0,i-09680bca7cde530ab,CPUUtilization,c5.4xlarge
341,1602768720.0,1.2,i-09680bca7cde530ab,CPUUtilization,c5.4xlarge
342,1602770820.0,6.6,i-09680bca7cde530ab,CPUUtilization,c5.4xlarge
343,1602775020.0,0.0,i-09680bca7cde530ab,CPUUtilization,c5.4xlarge
344,1602772920.0,0.0,i-09680bca7cde530ab,CPUUtilization,c5.4xlarge
345,1602769620.0,0.0,i-09680bca7cde530ab,CPUUtilization,c5.4xlarge
346,1602769020.0,25.6,i-09680bca7cde530ab,CPUUtilization,c5.4xlarge
347,1602773220.0,0.0,i-09680bca7cde530ab,CPUUtilization,c5.4xlarge
348,1602771120.0,6.8,i-09680bca7cde530ab,CPUUtilization,c5.4xlarge
349,1602775320.0,0.0,i-09680bca7cde530ab,CPUUtilization,c5.4xlarge
350,1602769920.0,0.0,i-09680bca7cde530ab,CPUUtilization,c5.4xlarge
351,1602774120.0,0.0,i-09680bca7cde530ab,CPUUtilization,c5.4xlarge
352,1602772020.0,7.2,i-09680bca7cde530ab,CPUUtilization,c5.4xlarge
353,1602769320.0,23.0,i-09680bca7cde530ab,CPUUtilization,c5.4xlarge
354,1602773520.0,0.0,i-09680bca7cde530ab,CPUUtilization,c5.4xlarge
355,1602771420.0,6.4,i-09680bca7cde530ab,CPUUtilization,c5.4xlarge
356,1602775620.0,0.0,i-09680bca7cde530ab,CPUUtilization,c5.4xlarge
357,1602768120.0,0.0,i-09680bca7cde530ab,CPUUtilization,c5.4xlarge
358,1602770220.0,3.2,i-09680bca7cde530ab,CPUUtilization,c5.4xlarge
359,1602774420.0,0.0,i-09680bca7cde530ab,CPUUtilization,c5.4xlarge
360,1602772320.0,3.4,i-09680bca7cde530ab,CPUUtilization,c5.4xlarge
361,1602776520.0,0.0,i-09680bca7cde530ab,CPUUtilization,c5.4xlarge
362,1602773820.0,0.2318568467522677,i-0bd10239848ec1719,CPUUtilization,t2.medium
363,1602771720.0,0.23420857645642296,i-0bd10239848ec1719,CPUUtilization,t2.medium
364,1602775920.0,0.21642122811892173,i-0bd10239848ec1719,CPUUtilization,t2.medium
365,1602768420.0,0.20908585718255104,i-0bd10239848ec1719,CPUUtilization,t2.medium
366,1602770520.0,0.4318024421359589,i-0bd10239848ec1719,CPUUtilization,t2.medium
367,1602774720.0,0.2169676762063534,i-0bd10239848ec1719,CPUUtilization,t2.medium
368,1602772620.0,0.2158469945355188,i-0bd10239848ec1719,CPUUtilization,t2.medium
369,1602776220.0,0.2328054089098822,i-0bd10239848ec1719,CPUUtilization,t2.medium
370,1602768720.0,0.466777901371895,i-0bd10239848ec1719,CPUUtilization,t2.medium
371,1602770820.0,0.21725942391404984,i-0bd10239848ec1719,CPUUtilization,t2.medium
372,1602775020.0,0.21566791866788465,i-0bd10239848ec1719,CPUUtilization,t2.medium
373,1602772920.0,0.2175141242937862,i-0bd10239848ec1719,CPUUtilization,t2.medium
374,1602769620.0,0.2345095859961106,i-0bd10239848ec1719,CPUUtilization,t2.medium
375,1602769020.0,0.2330786329535988,i-0bd10239848ec1719,CPUUtilization,t2.medium
376,1602773220.0,0.29625292740046805,i-0bd10239848ec1719,CPUUtilization,t2.medium
377,1602771120.0,0.2173844910299482,i-0bd10239848ec1719,CPUUtilization,t2.medium
378,1602775320.0,0.20060201907937344,i-0bd10239848ec1719,CPUUtilization,t2.medium
379,1602769920.0,0.21559229415578413,i-0bd10239848ec1719,CPUUtilization,t2.medium
380,1602774120.0,0.19763302459741186,i-0bd10239848ec1719,CPUUtilization,t2.medium
381,1602772020.0,0.215839559120829,i-0bd10239848ec1719,CPUUtilization,t2.medium
382,1602769320.0,0.2167686086327894,i-0bd10239848ec1719,CPUUtilization,t2.medium
383,1602773520.0,0.20290415303796253,i-0bd10239848ec1719,CPUUtilization,t2.medium
384,1602771420.0,0.2158469945355194,i-0bd10239848ec1719,CPUUtilization,t2.medium
385,1602775620.0,0.217259423914051,i-0bd10239848ec1719,CPUUtilization,t2.medium
386,1602770220.0,0.2350282485875701,i-0bd10239848ec1719,CPUUtilization,t2.medium
387,1602774420.0,0.2190476190476188,i-0bd10239848ec1719,CPUUtilization,t2.medium
388,1602772320.0,0.2178721420062408,i-0bd10239848ec1719,CPUUtilization,t2.medium
389,1602776520.0,0.2008659812911,i-0bd10239848ec1719,CPUUtilization,t2.medium
390,1602773820.0,0.24715514998160584,i-02e009d1296240352,CPUUtilization,t2.medium
391,1602771720.0,0.2505927572473836,i-02e009d1296240352,CPUUtilization,t2.medium
392,1602775920.0,0.23198573677873466,i-02e009d1296240352,CPUUtilization,t2.medium
393,1602768420.0,0.21047513198110565,i-02e009d1296240352,CPUUtilization,t2.medium
394,1602770520.0,0.3990067432112256,i-02e009d1296240352,CPUUtilization,t2.medium
395,1602774720.0,0.4166944521626376,i-02e009d1296240352,CPUUtilization,t2.medium
396,1602772620.0,0.2494535519125686,i-02e009d1296240352,CPUUtilization,t2.medium
397,1602776220.0,0.2330786329535993,i-02e009d1296240352,CPUUtilization,t2.medium
398,1602768720.0,0.4667779013718948,i-02e009d1296240352,CPUUtilization,t2.medium
399,1602770820.0,0.2508752431230896,i-02e009d1296240352,CPUUtilization,t2.medium
400,1602775020.0,0.2335250615250276,i-02e009d1296240352,CPUUtilization,t2.medium
401,1602772920.0,0.234180790960452,i-02e009d1296240352,CPUUtilization,t2.medium
402,1602769620.0,0.21756043345373727,i-02e009d1296240352,CPUUtilization,t2.medium
403,1602769020.0,0.2333611188293044,i-02e009d1296240352,CPUUtilization,t2.medium
404,1602773220.0,0.2467993754879004,i-02e009d1296240352,CPUUtilization,t2.medium
405,1602771120.0,0.250727086195272,i-02e009d1296240352,CPUUtilization,t2.medium
406,1602775320.0,0.2331064184495692,i-02e009d1296240352,CPUUtilization,t2.medium
407,1602769920.0,0.23225896082245065,i-02e009d1296240352,CPUUtilization,t2.medium
408,1602774120.0,0.2151476279514717,i-02e009d1296240352,CPUUtilization,t2.medium
409,1602772020.0,0.2161317858888008,i-02e009d1296240352,CPUUtilization,t2.medium
410,1602769320.0,0.2170789109115817,i-02e009d1296240352,CPUUtilization,t2.medium
411,1602773520.0,0.21985330558033567,i-02e009d1296240352,CPUUtilization,t2.medium
412,1602771420.0,0.2822404371584698,i-02e009d1296240352,CPUUtilization,t2.medium
413,1602775620.0,0.21781513383347198,i-02e009d1296240352,CPUUtilization,t2.medium
414,1602770220.0,0.2014124293785316,i-02e009d1296240352,CPUUtilization,t2.medium
415,1602774420.0,0.23690476190476198,i-02e009d1296240352,CPUUtilization,t2.medium
416,1602772320.0,0.2345388086729072,i-02e009d1296240352,CPUUtilization,t2.medium
417,1602776520.0,0.2342085764564228,i-02e009d1296240352,CPUUtilization,t2.medium
418,1602773820.0,0.1839168287487256,i-081ea1489845100df,CPUUtilization,t2.medium
419,1602771720.0,0.1839168287487262,i-081ea1489845100df,CPUUtilization,t2.medium
420,1602775920.0,0.1994720755765494,i-081ea1489845100df,CPUUtilization,t2.medium
421,1602768420.0,0.3836978312374704,i-081ea1489845100df,CPUUtilization,t2.medium
422,1602770520.0,0.216967676206354,i-081ea1489845100df,CPUUtilization,t2.medium
423,1602774720.0,0.1836436047050108,i-081ea1489845100df,CPUUtilization,t2.medium
424,1602772620.0,0.18428030303030246,i-081ea1489845100df,CPUUtilization,t2.medium
425,1602776220.0,0.16698280937826634,i-081ea1489845100df,CPUUtilization,t2.medium
426,1602768720.0,0.2175141242937852,i-081ea1489845100df,CPUUtilization,t2.medium
427,1602770820.0,0.2011484671668056,i-081ea1489845100df,CPUUtilization,t2.medium
428,1602775020.0,0.1831240458072276,i-081ea1489845100df,CPUUtilization,t2.medium
429,1602772920.0,0.1833333333333336,i-081ea1489845100df,CPUUtilization,t2.medium
430,1602769620.0,0.2000463091599518,i-081ea1489845100df,CPUUtilization,t2.medium
431,1602769020.0,0.21617674769172807,i-081ea1489845100df,CPUUtilization,t2.medium
432,1602773220.0,0.1836528665370014,i-081ea1489845100df,CPUUtilization,t2.medium
433,1602771120.0,0.200602019079374,i-081ea1489845100df,CPUUtilization,t2.medium
434,1602775320.0,0.2006381701010144,i-081ea1489845100df,CPUUtilization,t2.medium
435,1602769920.0,0.1830786329535984,i-081ea1489845100df,CPUUtilization,t2.medium
436,1602774120.0,0.19991975237876936,i-081ea1489845100df,CPUUtilization,t2.medium
437,1602772020.0,0.2341993146244332,i-081ea1489845100df,CPUUtilization,t2.medium
438,1602769320.0,0.2,i-081ea1489845100df,CPUUtilization,t2.medium
439,1602773520.0,0.1825321848661668,i-081ea1489845100df,CPUUtilization,t2.medium
440,1602771420.0,0.1989256274891178,i-081ea1489845100df,CPUUtilization,t2.medium
441,1602775620.0,0.2170246843791216,i-081ea1489845100df,CPUUtilization,t2.medium
442,1602768120.0,2.832650273224042,i-081ea1489845100df,CPUUtilization,t2.medium
443,1602770220.0,0.3605448069196496,i-081ea1489845100df,CPUUtilization,t2.medium
444,1602774420.0,0.1830971566175792,i-081ea1489845100df,CPUUtilization,t2.medium
445,1602772320.0,0.1994535519125684,i-081ea1489845100df,CPUUtilization,t2.medium
446,1602776520.0,0.18365286653700136,i-081ea1489845100df,CPUUtilization,t2.medium
447,1602773820.0,0.0,i-0118ec745fde23677,CPUUtilization,c5d.4xlarge
448,1602775920.0,0.0,i-0118ec745fde23677,CPUUtilization,c5d.4xlarge
449,1602773220.0,0.0,i-0118ec745fde23677,CPUUtilization,c5d.4xlarge
450,1602775320.0,0.0,i-0118ec745fde23677,CPUUtilization,c5d.4xlarge
451,1602774720.0,0.0,i-0118ec745fde23677,CPUUtilization,c5d.4xlarge
452,1602772620.0,0.0,i-0118ec745fde23677,CPUUtilization,c5d.4xlarge
453,1602776820.0,0.0,i-0118ec745fde23677,CPUUtilization,c5d.4xlarge
454,1602774120.0,0.0,i-0118ec745fde23677,CPUUtilization,c5d.4xlarge
455,1602772020.0,0.0,i-0118ec745fde23677,CPUUtilization,c5d.4xlarge
456,1602776220.0,0.0,i-0118ec745fde23677,CPUUtilization,c5d.4xlarge
457,1602773520.0,0.0,i-0118ec745fde23677,CPUUtilization,c5d.4xlarge
458,1602775620.0,0.0,i-0118ec745fde23677,CPUUtilization,c5d.4xlarge
459,1602775020.0,0.0,i-0118ec745fde23677,CPUUtilization,c5d.4xlarge
460,1602772920.0,0.0,i-0118ec745fde23677,CPUUtilization,c5d.4xlarge
461,1602774420.0,0.0,i-0118ec745fde23677,CPUUtilization,c5d.4xlarge
462,1602772320.0,0.0,i-0118ec745fde23677,CPUUtilization,c5d.4xlarge
463,1602776520.0,0.0,i-0118ec745fde23677,CPUUtilization,c5d.4xlarge
464,1602773820.0,0.0,i-0e2de3cd8564138a6,CPUUtilization,c5.4xlarge
465,1602771720.0,0.0,i-0e2de3cd8564138a6,CPUUtilization,c5.4xlarge
466,1602775920.0,0.0,i-0e2de3cd8564138a6,CPUUtilization,c5.4xlarge
467,1602766320.0,0.0,i-0e2de3cd8564138a6,CPUUtilization,c5.4xlarge
468,1602768420.0,0.0,i-0e2de3cd8564138a6,CPUUtilization,c5.4xlarge
469,1602770520.0,0.0,i-0e2de3cd8564138a6,CPUUtilization,c5.4xlarge
470,1602774720.0,0.0,i-0e2de3cd8564138a6,CPUUtilization,c5.4xlarge
471,1602772620.0,0.0,i-0e2de3cd8564138a6,CPUUtilization,c5.4xlarge
472,1602776820.0,0.0,i-0e2de3cd8564138a6,CPUUtilization,c5.4xlarge
473,1602767220.0,0.0,i-0e2de3cd8564138a6,CPUUtilization,c5.4xlarge
474,1602776220.0,0.0,i-0e2de3cd8564138a6,CPUUtilization,c5.4xlarge
475,1602766620.0,0.0,i-0e2de3cd8564138a6,CPUUtilization,c5.4xlarge
476,1602768720.0,0.0,i-0e2de3cd8564138a6,CPUUtilization,c5.4xlarge
477,1602770820.0,0.0,i-0e2de3cd8564138a6,CPUUtilization,c5.4xlarge
478,1602775020.0,0.0,i-0e2de3cd8564138a6,CPUUtilization,c5.4xlarge
479,1602772920.0,0.0,i-0e2de3cd8564138a6,CPUUtilization,c5.4xlarge
480,1602767520.0,0.0,i-0e2de3cd8564138a6,CPUUtilization,c5.4xlarge
481,1602769620.0,0.0,i-0e2de3cd8564138a6,CPUUtilization,c5.4xlarge
482,1602766920.0,0.0,i-0e2de3cd8564138a6,CPUUtilization,c5.4xlarge
483,1602769020.0,0.0,i-0e2de3cd8564138a6,CPUUtilization,c5.4xlarge
484,1602773220.0,0.0,i-0e2de3cd8564138a6,CPUUtilization,c5.4xlarge
485,1602771120.0,0.0,i-0e2de3cd8564138a6,CPUUtilization,c5.4xlarge
486,1602775320.0,0.0,i-0e2de3cd8564138a6,CPUUtilization,c5.4xlarge
487,1602767820.0,0.0,i-0e2de3cd8564138a6,CPUUtilization,c5.4xlarge
488,1602769920.0,0.0,i-0e2de3cd8564138a6,CPUUtilization,c5.4xlarge
489,1602774120.0,0.0,i-0e2de3cd8564138a6,CPUUtilization,c5.4xlarge
490,1602772020.0,0.0,i-0e2de3cd8564138a6,CPUUtilization,c5.4xlarge
491,1602769320.0,0.0,i-0e2de3cd8564138a6,CPUUtilization,c5.4xlarge
492,1602773520.0,0.0,i-0e2de3cd8564138a6,CPUUtilization,c5.4xlarge
493,1602771420.0,0.0,i-0e2de3cd8564138a6,CPUUtilization,c5.4xlarge
494,1602775620.0,0.0,i-0e2de3cd8564138a6,CPUUtilization,c5.4xlarge
495,1602768120.0,0.0,i-0e2de3cd8564138a6,CPUUtilization,c5.4xlarge
496,1602770220.0,0.0,i-0e2de3cd8564138a6,CPUUtilization,c5.4xlarge
497,1602774420.0,0.0,i-0e2de3cd8564138a6,CPUUtilization,c5.4xlarge
498,1602772320.0,0.0,i-0e2de3cd8564138a6,CPUUtilization,c5.4xlarge
499,1602776520.0,0.0,i-0e2de3cd8564138a6,CPUUtilization,c5.4xlarge
500,1602773820.0,0.2331328594860566,i-0e8d38375e294c6fc,CPUUtilization,t2.medium
501,1602771720.0,0.2169676762063532,i-0e8d38375e294c6fc,CPUUtilization,t2.medium
502,1602775920.0,0.3339640960292292,i-0e8d38375e294c6fc,CPUUtilization,t2.medium
503,1602766320.0,0.1994535519125689,i-0e8d38375e294c6fc,CPUUtilization,t2.medium
504,1602768420.0,0.183681610153522,i-0e8d38375e294c6fc,CPUUtilization,t2.medium
505,1602770520.0,0.2003482768201902,i-0e8d38375e294c6fc,CPUUtilization,t2.medium
506,1602774720.0,0.2172594239140496,i-0e8d38375e294c6fc,CPUUtilization,t2.medium
507,1602772620.0,0.21697693803834334,i-0e8d38375e294c6fc,CPUUtilization,t2.medium
508,1602767220.0,0.2322589608224516,i-0e8d38375e294c6fc,CPUUtilization,t2.medium
509,1602776220.0,0.22190476190476136,i-0e8d38375e294c6fc,CPUUtilization,t2.medium
510,1602766620.0,0.5177101526217595,i-0e8d38375e294c6fc,CPUUtilization,t2.medium
511,1602768720.0,0.1994998610725208,i-0e8d38375e294c6fc,CPUUtilization,t2.medium
512,1602770820.0,0.2175604334537368,i-0e8d38375e294c6fc,CPUUtilization,t2.medium
513,1602775020.0,0.2325136612021846,i-0e8d38375e294c6fc,CPUUtilization,t2.medium
514,1602772920.0,0.2333333333333317,i-0e8d38375e294c6fc,CPUUtilization,t2.medium
515,1602767520.0,0.1834074898034846,i-0e8d38375e294c6fc,CPUUtilization,t2.medium
516,1602769620.0,0.2327345524132632,i-0e8d38375e294c6fc,CPUUtilization,t2.medium
517,1602766920.0,0.1995170402770176,i-0e8d38375e294c6fc,CPUUtilization,t2.medium
518,1602769020.0,0.20060201907937456,i-0e8d38375e294c6fc,CPUUtilization,t2.medium
519,1602773220.0,0.21679687318903806,i-0e8d38375e294c6fc,CPUUtilization,t2.medium
520,1602771120.0,0.21612021857923447,i-0e8d38375e294c6fc,CPUUtilization,t2.medium
521,1602775320.0,0.2161572659071984,i-0e8d38375e294c6fc,CPUUtilization,t2.medium
522,1602767820.0,0.20114846716680607,i-0e8d38375e294c6fc,CPUUtilization,t2.medium
523,1602769920.0,0.20063912822156504,i-0e8d38375e294c6fc,CPUUtilization,t2.medium
524,1602774120.0,0.2342085764564242,i-0e8d38375e294c6fc,CPUUtilization,t2.medium
525,1602772020.0,0.2328146707418738,i-0e8d38375e294c6fc,CPUUtilization,t2.medium
526,1602769320.0,0.35158062276706403,i-0e8d38375e294c6fc,CPUUtilization,t2.medium
527,1602773520.0,0.2169676762063534,i-0e8d38375e294c6fc,CPUUtilization,t2.medium
528,1602771420.0,0.20084745762711886,i-0e8d38375e294c6fc,CPUUtilization,t2.medium
529,1602775620.0,0.2161480040752058,i-0e8d38375e294c6fc,CPUUtilization,t2.medium
530,1602768120.0,0.20282626206494,i-0e8d38375e294c6fc,CPUUtilization,t2.medium
531,1602770220.0,0.2151000726008116,i-0e8d38375e294c6fc,CPUUtilization,t2.medium
532,1602774420.0,0.2327868852459025,i-0e8d38375e294c6fc,CPUUtilization,t2.medium
533,1602772320.0,0.2328711998543668,i-0e8d38375e294c6fc,CPUUtilization,t2.medium
534,1602776520.0,0.20149632674094925,i-0e8d38375e294c6fc,CPUUtilization,t2.medium
535,1602773820.0,0.0,i-07fc0d1c03dbe28b9,CPUUtilization,c5.4xlarge
536,1602771720.0,0.0,i-07fc0d1c03dbe28b9,CPUUtilization,c5.4xlarge
537,1602775920.0,0.0,i-07fc0d1c03dbe28b9,CPUUtilization,c5.4xlarge
538,1602766320.0,0.2,i-07fc0d1c03dbe28b9,CPUUtilization,c5.4xlarge
539,1602768420.0,0.0,i-07fc0d1c03dbe28b9,CPUUtilization,c5.4xlarge
540,1602770520.0,0.0,i-07fc0d1c03dbe28b9,CPUUtilization,c5.4xlarge
541,1602774720.0,0.0,i-07fc0d1c03dbe28b9,CPUUtilization,c5.4xlarge
542,1602772620.0,0.4,i-07fc0d1c03dbe28b9,CPUUtilization,c5.4xlarge
543,1602776820.0,0.0,i-07fc0d1c03dbe28b9,CPUUtilization,c5.4xlarge
544,1602767220.0,0.0,i-07fc0d1c03dbe28b9,CPUUtilization,c5.4xlarge
545,1602776220.0,0.0,i-07fc0d1c03dbe28b9,CPUUtilization,c5.4xlarge
546,1602766620.0,0.0,i-07fc0d1c03dbe28b9,CPUUtilization,c5.4xlarge
547,1602768720.0,0.0,i-07fc0d1c03dbe28b9,CPUUtilization,c5.4xlarge
548,1602770820.0,0.0,i-07fc0d1c03dbe28b9,CPUUtilization,c5.4xlarge
549,1602775020.0,0.0,i-07fc0d1c03dbe28b9,CPUUtilization,c5.4xlarge
550,1602772920.0,0.0,i-07fc0d1c03dbe28b9,CPUUtilization,c5.4xlarge
551,1602767520.0,0.0,i-07fc0d1c03dbe28b9,CPUUtilization,c5.4xlarge
552,1602769620.0,0.0,i-07fc0d1c03dbe28b9,CPUUtilization,c5.4xlarge
553,1602766920.0,0.0,i-07fc0d1c03dbe28b9,CPUUtilization,c5.4xlarge
554,1602769020.0,0.0,i-07fc0d1c03dbe28b9,CPUUtilization,c5.4xlarge
555,1602773220.0,0.0,i-07fc0d1c03dbe28b9,CPUUtilization,c5.4xlarge
556,1602771120.0,0.0,i-07fc0d1c03dbe28b9,CPUUtilization,c5.4xlarge
557,1602775320.0,0.0,i-07fc0d1c03dbe28b9,CPUUtilization,c5.4xlarge
558,1602767820.0,0.0,i-07fc0d1c03dbe28b9,CPUUtilization,c5.4xlarge
559,1602769920.0,0.0,i-07fc0d1c03dbe28b9,CPUUtilization,c5.4xlarge
560,1602774120.0,0.0,i-07fc0d1c03dbe28b9,CPUUtilization,c5.4xlarge
561,1602772020.0,0.0,i-07fc0d1c03dbe28b9,CPUUtilization,c5.4xlarge
562,1602769320.0,0.0,i-07fc0d1c03dbe28b9,CPUUtilization,c5.4xlarge
563,1602773520.0,0.0,i-07fc0d1c03dbe28b9,CPUUtilization,c5.4xlarge
564,1602771420.0,0.0,i-07fc0d1c03dbe28b9,CPUUtilization,c5.4xlarge
565,1602775620.0,0.0,i-07fc0d1c03dbe28b9,CPUUtilization,c5.4xlarge
566,1602768120.0,0.0,i-07fc0d1c03dbe28b9,CPUUtilization,c5.4xlarge
567,1602770220.0,0.0,i-07fc0d1c03dbe28b9,CPUUtilization,c5.4xlarge
568,1602774420.0,0.0,i-07fc0d1c03dbe28b9,CPUUtilization,c5.4xlarge
569,1602772320.0,0.0,i-07fc0d1c03dbe28b9,CPUUtilization,c5.4xlarge
570,1602776520.0,0.0,i-07fc0d1c03dbe28b9,CPUUtilization,c5.4xlarge
571,1602773820.0,0.2322589608224516,i-0600d5179e3824afd,CPUUtilization,t2.medium
572,1602771720.0,0.2322589608224516,i-0600d5179e3824afd,CPUUtilization,t2.medium
573,1602775920.0,0.2169769380383436,i-0600d5179e3824afd,CPUUtilization,t2.medium
574,1602766320.0,0.2364420812739789,i-0600d5179e3824afd,CPUUtilization,t2.medium
575,1602768420.0,0.3803463925164412,i-0600d5179e3824afd,CPUUtilization,t2.medium
576,1602770520.0,0.2199228621707084,i-0600d5179e3824afd,CPUUtilization,t2.medium
577,1602774720.0,0.2173136504465094,i-0600d5179e3824afd,CPUUtilization,t2.medium
578,1602772620.0,0.2342064525024714,i-0600d5179e3824afd,CPUUtilization,t2.medium
579,1602767220.0,0.2008659812911,i-0600d5179e3824afd,CPUUtilization,t2.medium
580,1602776220.0,0.2164119662869312,i-0600d5179e3824afd,CPUUtilization,t2.medium
581,1602766620.0,0.4500000000000012,i-0600d5179e3824afd,CPUUtilization,t2.medium
582,1602768720.0,0.2000185236639802,i-0600d5179e3824afd,CPUUtilization,t2.medium
583,1602770820.0,0.2331064184495704,i-0600d5179e3824afd,CPUUtilization,t2.medium
584,1602775020.0,0.232814670741874,i-0600d5179e3824afd,CPUUtilization,t2.medium
585,1602772920.0,0.2169676762063534,i-0600d5179e3824afd,CPUUtilization,t2.medium
586,1602767520.0,0.2161202185792348,i-0600d5179e3824afd,CPUUtilization,t2.medium
587,1602769620.0,0.1994720755765472,i-0600d5179e3824afd,CPUUtilization,t2.medium
588,1602766920.0,0.2176165453201834,i-0600d5179e3824afd,CPUUtilization,t2.medium
589,1602769020.0,0.20000000000000065,i-0600d5179e3824afd,CPUUtilization,t2.medium
590,1602773220.0,0.2514963267409488,i-0600d5179e3824afd,CPUUtilization,t2.medium
591,1602771120.0,0.2171114615254924,i-0600d5179e3824afd,CPUUtilization,t2.medium
592,1602775320.0,0.2340373252859434,i-0600d5179e3824afd,CPUUtilization,t2.medium
593,1602767820.0,0.217532647957767,i-0600d5179e3824afd,CPUUtilization,t2.medium
594,1602769920.0,0.2011974198860912,i-0600d5179e3824afd,CPUUtilization,t2.medium
595,1602774120.0,0.2164119662869312,i-0600d5179e3824afd,CPUUtilization,t2.medium
596,1602772020.0,0.2164119662869312,i-0600d5179e3824afd,CPUUtilization,t2.medium
597,1602769320.0,0.21668519033064826,i-0600d5179e3824afd,CPUUtilization,t2.medium
598,1602773520.0,0.2333611188293032,i-0600d5179e3824afd,CPUUtilization,t2.medium
599,1602771420.0,0.2156465206882432,i-0600d5179e3824afd,CPUUtilization,t2.medium
600,1602775620.0,0.2320214396472149,i-0600d5179e3824afd,CPUUtilization,t2.medium
601,1602768120.0,0.2003010095396864,i-0600d5179e3824afd,CPUUtilization,t2.medium
602,1602770220.0,0.19753466872111,i-0600d5179e3824afd,CPUUtilization,t2.medium
603,1602774420.0,0.23262441684713936,i-0600d5179e3824afd,CPUUtilization,t2.medium
604,1602772320.0,0.2494998610725204,i-0600d5179e3824afd,CPUUtilization,t2.medium
605,1602776520.0,0.2170608354007612,i-0600d5179e3824afd,CPUUtilization,t2.medium
606,1602773820.0,0.0,i-00cd73b2779e20afa,CPUUtilization,c5.4xlarge
607,1602771720.0,0.4,i-00cd73b2779e20afa,CPUUtilization,c5.4xlarge
608,1602775920.0,0.0,i-00cd73b2779e20afa,CPUUtilization,c5.4xlarge
609,1602766320.0,0.2,i-00cd73b2779e20afa,CPUUtilization,c5.4xlarge
610,1602768420.0,0.0,i-00cd73b2779e20afa,CPUUtilization,c5.4xlarge
611,1602770520.0,0.0,i-00cd73b2779e20afa,CPUUtilization,c5.4xlarge
612,1602774720.0,0.0,i-00cd73b2779e20afa,CPUUtilization,c5.4xlarge
613,1602772620.0,0.0,i-00cd73b2779e20afa,CPUUtilization,c5.4xlarge
614,1602776820.0,0.0,i-00cd73b2779e20afa,CPUUtilization,c5.4xlarge
615,1602767220.0,0.0,i-00cd73b2779e20afa,CPUUtilization,c5.4xlarge
616,1602776220.0,0.0,i-00cd73b2779e20afa,CPUUtilization,c5.4xlarge
617,1602766620.0,0.0,i-00cd73b2779e20afa,CPUUtilization,c5.4xlarge
618,1602768720.0,0.0,i-00cd73b2779e20afa,CPUUtilization,c5.4xlarge
619,1602770820.0,0.0,i-00cd73b2779e20afa,CPUUtilization,c5.4xlarge
620,1602775020.0,0.0,i-00cd73b2779e20afa,CPUUtilization,c5.4xlarge
621,1602772920.0,0.0,i-00cd73b2779e20afa,CPUUtilization,c5.4xlarge
622,1602767520.0,0.0,i-00cd73b2779e20afa,CPUUtilization,c5.4xlarge
623,1602769620.0,0.0,i-00cd73b2779e20afa,CPUUtilization,c5.4xlarge
624,1602766920.0,0.0,i-00cd73b2779e20afa,CPUUtilization,c5.4xlarge
625,1602769020.0,0.0,i-00cd73b2779e20afa,CPUUtilization,c5.4xlarge
626,1602773220.0,0.0,i-00cd73b2779e20afa,CPUUtilization,c5.4xlarge
627,1602771120.0,0.0,i-00cd73b2779e20afa,CPUUtilization,c5.4xlarge
628,1602775320.0,0.0,i-00cd73b2779e20afa,CPUUtilization,c5.4xlarge
629,1602767820.0,0.0,i-00cd73b2779e20afa,CPUUtilization,c5.4xlarge
630,1602769920.0,0.0,i-00cd73b2779e20afa,CPUUtilization,c5.4xlarge
631,1602774120.0,0.0,i-00cd73b2779e20afa,CPUUtilization,c5.4xlarge
632,1602772020.0,0.0,i-00cd73b2779e20afa,CPUUtilization,c5.4xlarge
633,1602769320.0,0.0,i-00cd73b2779e20afa,CPUUtilization,c5.4xlarge
634,1602773520.0,0.0,i-00cd73b2779e20afa,CPUUtilization,c5.4xlarge
635,1602771420.0,0.0,i-00cd73b2779e20afa,CPUUtilization,c5.4xlarge
636,1602775620.0,0.0,i-00cd73b2779e20afa,CPUUtilization,c5.4xlarge
637,1602768120.0,0.0,i-00cd73b2779e20afa,CPUUtilization,c5.4xlarge
638,1602770220.0,0.0,i-00cd73b2779e20afa,CPUUtilization,c5.4xlarge
639,1602774420.0,0.0,i-00cd73b2779e20afa,CPUUtilization,c5.4xlarge
640,1602772320.0,0.0,i-00cd73b2779e20afa,CPUUtilization,c5.4xlarge
641,1602776520.0,0.0,i-00cd73b2779e20afa,CPUUtilization,c5.4xlarge
642,1602773820.0,0.0,i-05deb2b31f287af11,CPUUtilization,c5.4xlarge
643,1602771720.0,0.0,i-05deb2b31f287af11,CPUUtilization,c5.4xlarge
644,1602775920.0,0.0,i-05deb2b31f287af11,CPUUtilization,c5.4xlarge
645,1602766320.0,0.0,i-05deb2b31f287af11,CPUUtilization,c5.4xlarge
646,1602768420.0,0.0,i-05deb2b31f287af11,CPUUtilization,c5.4xlarge
647,1602770520.0,0.0,i-05deb2b31f287af11,CPUUtilization,c5.4xlarge
648,1602774720.0,0.0,i-05deb2b31f287af11,CPUUtilization,c5.4xlarge
649,1602772620.0,0.0,i-05deb2b31f287af11,CPUUtilization,c5.4xlarge
650,1602776820.0,0.0,i-05deb2b31f287af11,CPUUtilization,c5.4xlarge
651,1602767220.0,0.0,i-05deb2b31f287af11,CPUUtilization,c5.4xlarge
652,1602776220.0,0.0,i-05deb2b31f287af11,CPUUtilization,c5.4xlarge
653,1602766620.0,0.0,i-05deb2b31f287af11,CPUUtilization,c5.4xlarge
654,1602768720.0,0.2,i-05deb2b31f287af11,CPUUtilization,c5.4xlarge
655,1602770820.0,0.0,i-05deb2b31f287af11,CPUUtilization,c5.4xlarge
656,1602775020.0,0.0,i-05deb2b31f287af11,CPUUtilization,c5.4xlarge
657,1602772920.0,0.4,i-05deb2b31f287af11,CPUUtilization,c5.4xlarge
658,1602767520.0,0.0,i-05deb2b31f287af11,CPUUtilization,c5.4xlarge
659,1602769620.0,0.0,i-05deb2b31f287af11,CPUUtilization,c5.4xlarge
660,1602766920.0,0.0,i-05deb2b31f287af11,CPUUtilization,c5.4xlarge
661,1602769020.0,0.0,i-05deb2b31f287af11,CPUUtilization,c5.4xlarge
662,1602773220.0,0.0,i-05deb2b31f287af11,CPUUtilization,c5.4xlarge
663,1602771120.0,0.0,i-05deb2b31f287af11,CPUUtilization,c5.4xlarge
664,1602775320.0,0.0,i-05deb2b31f287af11,CPUUtilization,c5.4xlarge
665,1602767820.0,0.0,i-05deb2b31f287af11,CPUUtilization,c5.4xlarge
666,1602769920.0,0.0,i-05deb2b31f287af11,CPUUtilization,c5.4xlarge
667,1602774120.0,0.0,i-05deb2b31f287af11,CPUUtilization,c5.4xlarge
668,1602772020.0,0.0,i-05deb2b31f287af11,CPUUtilization,c5.4xlarge
669,1602769320.0,0.0,i-05deb2b31f287af11,CPUUtilization,c5.4xlarge
670,1602773520.0,0.0,i-05deb2b31f287af11,CPUUtilization,c5.4xlarge
671,1602771420.0,0.0,i-05deb2b31f287af11,CPUUtilization,c5.4xlarge
672,1602775620.0,0.0,i-05deb2b31f287af11,CPUUtilization,c5.4xlarge
673,1602768120.0,0.0,i-05deb2b31f287af11,CPUUtilization,c5.4xlarge
674,1602770220.0,0.0,i-05deb2b31f287af11,CPUUtilization,c5.4xlarge
675,1602774420.0,0.0,i-05deb2b31f287af11,CPUUtilization,c5.4xlarge
676,1602772320.0,0.0,i-05deb2b31f287af11,CPUUtilization,c5.4xlarge
677,1602776520.0,0.0,i-05deb2b31f287af11,CPUUtilization,c5.4xlarge
678,1602773820.0,0.0,i-04eb4e284feedcebd,CPUUtilization,c5.4xlarge
679,1602771720.0,0.0,i-04eb4e284feedcebd,CPUUtilization,c5.4xlarge
680,1602775920.0,0.0,i-04eb4e284feedcebd,CPUUtilization,c5.4xlarge
681,1602766320.0,0.2,i-04eb4e284feedcebd,CPUUtilization,c5.4xlarge
682,1602768420.0,0.0,i-04eb4e284feedcebd,CPUUtilization,c5.4xlarge
683,1602770520.0,0.0,i-04eb4e284feedcebd,CPUUtilization,c5.4xlarge
684,1602774720.0,0.0,i-04eb4e284feedcebd,CPUUtilization,c5.4xlarge
685,1602772620.0,0.0,i-04eb4e284feedcebd,CPUUtilization,c5.4xlarge
686,1602776820.0,0.0,i-04eb4e284feedcebd,CPUUtilization,c5.4xlarge
687,1602767220.0,0.0,i-04eb4e284feedcebd,CPUUtilization,c5.4xlarge
688,1602776220.0,0.0,i-04eb4e284feedcebd,CPUUtilization,c5.4xlarge
689,1602766620.0,0.0,i-04eb4e284feedcebd,CPUUtilization,c5.4xlarge
690,1602768720.0,0.0,i-04eb4e284feedcebd,CPUUtilization,c5.4xlarge
691,1602770820.0,0.0,i-04eb4e284feedcebd,CPUUtilization,c5.4xlarge
692,1602775020.0,0.0,i-04eb4e284feedcebd,CPUUtilization,c5.4xlarge
693,1602772920.0,0.0,i-04eb4e284feedcebd,CPUUtilization,c5.4xlarge
694,1602767520.0,0.2,i-04eb4e284feedcebd,CPUUtilization,c5.4xlarge
695,1602769620.0,0.0,i-04eb4e284feedcebd,CPUUtilization,c5.4xlarge
696,1602766920.0,0.0,i-04eb4e284feedcebd,CPUUtilization,c5.4xlarge
697,1602769020.0,0.0,i-04eb4e284feedcebd,CPUUtilization,c5.4xlarge
698,1602773220.0,0.0,i-04eb4e284feedcebd,CPUUtilization,c5.4xlarge
699,1602771120.0,0.0,i-04eb4e284feedcebd,CPUUtilization,c5.4xlarge
700,1602775320.0,0.0,i-04eb4e284feedcebd,CPUUtilization,c5.4xlarge
701,1602767820.0,0.0,i-04eb4e284feedcebd,CPUUtilization,c5.4xlarge
702,1602769920.0,0.0,i-04eb4e284feedcebd,CPUUtilization,c5.4xlarge
703,1602774120.0,0.0,i-04eb4e284feedcebd,CPUUtilization,c5.4xlarge
704,1602772020.0,0.4,i-04eb4e284feedcebd,CPUUtilization,c5.4xlarge
705,1602769320.0,0.0,i-04eb4e284feedcebd,CPUUtilization,c5.4xlarge
706,1602773520.0,0.0,i-04eb4e284feedcebd,CPUUtilization,c5.4xlarge
707,1602771420.0,0.0,i-04eb4e284feedcebd,CPUUtilization,c5.4xlarge
708,1602775620.0,0.0,i-04eb4e284feedcebd,CPUUtilization,c5.4xlarge
709,1602768120.0,0.0,i-04eb4e284feedcebd,CPUUtilization,c5.4xlarge
710,1602770220.0,0.0,i-04eb4e284feedcebd,CPUUtilization,c5.4xlarge
711,1602774420.0,0.0,i-04eb4e284feedcebd,CPUUtilization,c5.4xlarge
712,1602772320.0,0.0,i-04eb4e284feedcebd,CPUUtilization,c5.4xlarge
713,1602776520.0,0.0,i-04eb4e284feedcebd,CPUUtilization,c5.4xlarge
714,1602773820.0,0.0,i-036b859314b4ed9a7,CPUUtilization,c5.4xlarge
715,1602771720.0,0.0,i-036b859314b4ed9a7,CPUUtilization,c5.4xlarge
716,1602775920.0,0.0,i-036b859314b4ed9a7,CPUUtilization,c5.4xlarge
717,1602766320.0,0.2,i-036b859314b4ed9a7,CPUUtilization,c5.4xlarge
718,1602768420.0,0.0,i-036b859314b4ed9a7,CPUUtilization,c5.4xlarge
719,1602770520.0,0.0,i-036b859314b4ed9a7,CPUUtilization,c5.4xlarge
720,1602774720.0,0.0,i-036b859314b4ed9a7,CPUUtilization,c5.4xlarge
721,1602772620.0,0.0,i-036b859314b4ed9a7,CPUUtilization,c5.4xlarge
722,1602776820.0,0.0,i-036b859314b4ed9a7,CPUUtilization,c5.4xlarge
723,1602767220.0,0.0,i-036b859314b4ed9a7,CPUUtilization,c5.4xlarge
724,1602776220.0,0.0,i-036b859314b4ed9a7,CPUUtilization,c5.4xlarge
725,1602766620.0,0.0,i-036b859314b4ed9a7,CPUUtilization,c5.4xlarge
726,1602768720.0,0.0,i-036b859314b4ed9a7,CPUUtilization,c5.4xlarge
727,1602770820.0,0.0,i-036b859314b4ed9a7,CPUUtilization,c5.4xlarge
728,1602775020.0,0.0,i-036b859314b4ed9a7,CPUUtilization,c5.4xlarge
729,1602772920.0,0.4,i-036b859314b4ed9a7,CPUUtilization,c5.4xlarge
730,1602767520.0,0.0,i-036b859314b4ed9a7,CPUUtilization,c5.4xlarge
731,1602769620.0,0.0,i-036b859314b4ed9a7,CPUUtilization,c5.4xlarge
732,1602766920.0,0.0,i-036b859314b4ed9a7,CPUUtilization,c5.4xlarge
733,1602769020.0,0.2,i-036b859314b4ed9a7,CPUUtilization,c5.4xlarge
734,1602773220.0,0.0,i-036b859314b4ed9a7,CPUUtilization,c5.4xlarge
735,1602771120.0,0.0,i-036b859314b4ed9a7,CPUUtilization,c5.4xlarge
736,1602775320.0,0.0,i-036b859314b4ed9a7,CPUUtilization,c5.4xlarge
737,1602767820.0,0.0,i-036b859314b4ed9a7,CPUUtilization,c5.4xlarge
738,1602769920.0,0.0,i-036b859314b4ed9a7,CPUUtilization,c5.4xlarge
739,1602774120.0,0.0,i-036b859314b4ed9a7,CPUUtilization,c5.4xlarge
740,1602772020.0,0.0,i-036b859314b4ed9a7,CPUUtilization,c5.4xlarge
741,1602769320.0,0.0,i-036b859314b4ed9a7,CPUUtilization,c5.4xlarge
742,1602773520.0,0.0,i-036b859314b4ed9a7,CPUUtilization,c5.4xlarge
743,1602771420.0,0.0,i-036b859314b4ed9a7,CPUUtilization,c5.4xlarge
744,1602775620.0,0.0,i-036b859314b4ed9a7,CPUUtilization,c5.4xlarge
745,1602768120.0,0.0,i-036b859314b4ed9a7,CPUUtilization,c5.4xlarge
746,1602770220.0,0.0,i-036b859314b4ed9a7,CPUUtilization,c5.4xlarge
747,1602774420.0,0.0,i-036b859314b4ed9a7,CPUUtilization,c5.4xlarge
748,1602772320.0,0.0,i-036b859314b4ed9a7,CPUUtilization,c5.4xlarge
749,1602776520.0,0.0,i-036b859314b4ed9a7,CPUUtilization,c5.4xlarge
750,1602773820.0,0.0,i-0088cf2e489b72f3f,CPUUtilization,c5.4xlarge
751,1602771720.0,0.0,i-0088cf2e489b72f3f,CPUUtilization,c5.4xlarge
752,1602775920.0,0.0,i-0088cf2e489b72f3f,CPUUtilization,c5.4xlarge
753,1602766320.0,0.2,i-0088cf2e489b72f3f,CPUUtilization,c5.4xlarge
754,1602768420.0,0.0,i-0088cf2e489b72f3f,CPUUtilization,c5.4xlarge
755,1602770520.0,0.0,i-0088cf2e489b72f3f,CPUUtilization,c5.4xlarge
756,1602774720.0,0.0,i-0088cf2e489b72f3f,CPUUtilization,c5.4xlarge
757,1602772620.0,0.0,i-0088cf2e489b72f3f,CPUUtilization,c5.4xlarge
758,1602776820.0,0.0,i-0088cf2e489b72f3f,CPUUtilization,c5.4xlarge
759,1602767220.0,0.0,i-0088cf2e489b72f3f,CPUUtilization,c5.4xlarge
760,1602776220.0,0.0,i-0088cf2e489b72f3f,CPUUtilization,c5.4xlarge
761,1602766620.0,0.0,i-0088cf2e489b72f3f,CPUUtilization,c5.4xlarge
762,1602768720.0,0.0,i-0088cf2e489b72f3f,CPUUtilization,c5.4xlarge
763,1602770820.0,0.0,i-0088cf2e489b72f3f,CPUUtilization,c5.4xlarge
764,1602775020.0,0.0,i-0088cf2e489b72f3f,CPUUtilization,c5.4xlarge
765,1602772920.0,0.0,i-0088cf2e489b72f3f,CPUUtilization,c5.4xlarge
766,1602767520.0,0.0,i-0088cf2e489b72f3f,CPUUtilization,c5.4xlarge
767,1602769620.0,0.0,i-0088cf2e489b72f3f,CPUUtilization,c5.4xlarge
768,1602766920.0,0.0,i-0088cf2e489b72f3f,CPUUtilization,c5.4xlarge
769,1602769020.0,0.2,i-0088cf2e489b72f3f,CPUUtilization,c5.4xlarge
770,1602773220.0,0.0,i-0088cf2e489b72f3f,CPUUtilization,c5.4xlarge
771,1602771120.0,0.0,i-0088cf2e489b72f3f,CPUUtilization,c5.4xlarge
772,1602775320.0,0.0,i-0088cf2e489b72f3f,CPUUtilization,c5.4xlarge
773,1602767820.0,0.0,i-0088cf2e489b72f3f,CPUUtilization,c5.4xlarge
774,1602769920.0,0.0,i-0088cf2e489b72f3f,CPUUtilization,c5.4xlarge
775,1602774120.0,0.0,i-0088cf2e489b72f3f,CPUUtilization,c5.4xlarge
776,1602772020.0,0.4,i-0088cf2e489b72f3f,CPUUtilization,c5.4xlarge
777,1602769320.0,0.0,i-0088cf2e489b72f3f,CPUUtilization,c5.4xlarge
778,1602773520.0,0.0,i-0088cf2e489b72f3f,CPUUtilization,c5.4xlarge
779,1602771420.0,0.0,i-0088cf2e489b72f3f,CPUUtilization,c5.4xlarge
780,1602775620.0,0.0,i-0088cf2e489b72f3f,CPUUtilization,c5.4xlarge
781,1602768120.0,0.0,i-0088cf2e489b72f3f,CPUUtilization,c5.4xlarge
782,1602770220.0,0.0,i-0088cf2e489b72f3f,CPUUtilization,c5.4xlarge
783,1602774420.0,0.0,i-0088cf2e489b72f3f,CPUUtilization,c5.4xlarge
784,1602772320.0,0.0,i-0088cf2e489b72f3f,CPUUtilization,c5.4xlarge
785,1602776520.0,0.0,i-0088cf2e489b72f3f,CPUUtilization,c5.4xlarge
786,1602773820.0,0.2325701903146773,i-0676bbc98a1f27e62,CPUUtilization,t2.medium
787,1602771720.0,0.2333333333333322,i-0676bbc98a1f27e62,CPUUtilization,t2.medium
788,1602775920.0,0.2172594239140498,i-0676bbc98a1f27e62,CPUUtilization,t2.medium
789,1602766320.0,0.33363434287302035,i-0676bbc98a1f27e62,CPUUtilization,t2.medium
790,1602768420.0,0.3492530780652932,i-0676bbc98a1f27e62,CPUUtilization,t2.medium
791,1602770520.0,0.20114846716680607,i-0676bbc98a1f27e62,CPUUtilization,t2.medium
792,1602774720.0,0.2309807308556948,i-0676bbc98a1f27e62,CPUUtilization,t2.medium
793,1602772620.0,0.2311111111111125,i-0676bbc98a1f27e62,CPUUtilization,t2.medium
794,1602767220.0,0.1985347985347991,i-0676bbc98a1f27e62,CPUUtilization,t2.medium
795,1602776220.0,0.21685839485836186,i-0676bbc98a1f27e62,CPUUtilization,t2.medium
796,1602766620.0,0.20000000000000065,i-0676bbc98a1f27e62,CPUUtilization,t2.medium
797,1602768720.0,0.2003482768201902,i-0676bbc98a1f27e62,CPUUtilization,t2.medium
798,1602770820.0,0.20168802381041376,i-0676bbc98a1f27e62,CPUUtilization,t2.medium
799,1602775020.0,0.2333611188293056,i-0676bbc98a1f27e62,CPUUtilization,t2.medium
800,1602772920.0,0.2336436047050116,i-0676bbc98a1f27e62,CPUUtilization,t2.medium
801,1602767520.0,0.2164152231948832,i-0676bbc98a1f27e62,CPUUtilization,t2.medium
802,1602769620.0,0.2008947249076206,i-0676bbc98a1f27e62,CPUUtilization,t2.medium
803,1602766920.0,0.2003102713716766,i-0676bbc98a1f27e62,CPUUtilization,t2.medium
804,1602769020.0,0.2000277854959704,i-0676bbc98a1f27e62,CPUUtilization,t2.medium
805,1602773220.0,0.21663285749800976,i-0676bbc98a1f27e62,CPUUtilization,t2.medium
806,1602771120.0,0.2003010095396876,i-0676bbc98a1f27e62,CPUUtilization,t2.medium
807,1602775320.0,0.23225896082245184,i-0676bbc98a1f27e62,CPUUtilization,t2.medium
808,1602767820.0,0.19261170430939856,i-0676bbc98a1f27e62,CPUUtilization,t2.medium
809,1602769920.0,0.18455746635970446,i-0676bbc98a1f27e62,CPUUtilization,t2.medium
810,1602774120.0,0.3172594239140512,i-0676bbc98a1f27e62,CPUUtilization,t2.medium
811,1602772020.0,0.21641196628693105,i-0676bbc98a1f27e62,CPUUtilization,t2.medium
812,1602769320.0,0.19911873320422505,i-0676bbc98a1f27e62,CPUUtilization,t2.medium
813,1602773520.0,0.2470046082949308,i-0676bbc98a1f27e62,CPUUtilization,t2.medium
814,1602771420.0,0.199763823284246,i-0676bbc98a1f27e62,CPUUtilization,t2.medium
815,1602775620.0,0.2336908719855118,i-0676bbc98a1f27e62,CPUUtilization,t2.medium
816,1602768120.0,0.2240467217153884,i-0676bbc98a1f27e62,CPUUtilization,t2.medium
817,1602770220.0,0.19837917940168376,i-0676bbc98a1f27e62,CPUUtilization,t2.medium
818,1602774420.0,0.20000000000000065,i-0676bbc98a1f27e62,CPUUtilization,t2.medium
819,1602772320.0,0.25,i-0676bbc98a1f27e62,CPUUtilization,t2.medium
820,1602776520.0,0.2325136612021846,i-0676bbc98a1f27e62,CPUUtilization,t2.medium
821,1602773820.0,0.0,i-0f6f2e19ec9ad442a,CPUUtilization,c5.4xlarge
822,1602771720.0,0.0,i-0f6f2e19ec9ad442a,CPUUtilization,c5.4xlarge
823,1602775920.0,0.0,i-0f6f2e19ec9ad442a,CPUUtilization,c5.4xlarge
824,1602766320.0,0.2,i-0f6f2e19ec9ad442a,CPUUtilization,c5.4xlarge
825,1602768420.0,0.0,i-0f6f2e19ec9ad442a,CPUUtilization,c5.4xlarge
826,1602770520.0,0.0,i-0f6f2e19ec9ad442a,CPUUtilization,c5.4xlarge
827,1602774720.0,0.0,i-0f6f2e19ec9ad442a,CPUUtilization,c5.4xlarge
828,1602772620.0,0.0,i-0f6f2e19ec9ad442a,CPUUtilization,c5.4xlarge
829,1602776820.0,0.0,i-0f6f2e19ec9ad442a,CPUUtilization,c5.4xlarge
830,1602767220.0,0.0,i-0f6f2e19ec9ad442a,CPUUtilization,c5.4xlarge
831,1602776220.0,0.0,i-0f6f2e19ec9ad442a,CPUUtilization,c5.4xlarge
832,1602766620.0,0.0,i-0f6f2e19ec9ad442a,CPUUtilization,c5.4xlarge
833,1602768720.0,0.0,i-0f6f2e19ec9ad442a,CPUUtilization,c5.4xlarge
834,1602770820.0,0.0,i-0f6f2e19ec9ad442a,CPUUtilization,c5.4xlarge
835,1602775020.0,0.0,i-0f6f2e19ec9ad442a,CPUUtilization,c5.4xlarge
836,1602772920.0,0.0,i-0f6f2e19ec9ad442a,CPUUtilization,c5.4xlarge
837,1602767520.0,0.0,i-0f6f2e19ec9ad442a,CPUUtilization,c5.4xlarge
838,1602769620.0,0.0,i-0f6f2e19ec9ad442a,CPUUtilization,c5.4xlarge
839,1602766920.0,0.0,i-0f6f2e19ec9ad442a,CPUUtilization,c5.4xlarge
840,1602769020.0,0.0,i-0f6f2e19ec9ad442a,CPUUtilization,c5.4xlarge
841,1602773220.0,0.0,i-0f6f2e19ec9ad442a,CPUUtilization,c5.4xlarge
842,1602771120.0,0.0,i-0f6f2e19ec9ad442a,CPUUtilization,c5.4xlarge
843,1602775320.0,0.0,i-0f6f2e19ec9ad442a,CPUUtilization,c5.4xlarge
844,1602767820.0,0.0,i-0f6f2e19ec9ad442a,CPUUtilization,c5.4xlarge
845,1602769920.0,0.0,i-0f6f2e19ec9ad442a,CPUUtilization,c5.4xlarge
846,1602774120.0,0.0,i-0f6f2e19ec9ad442a,CPUUtilization,c5.4xlarge
847,1602772020.0,0.0,i-0f6f2e19ec9ad442a,CPUUtilization,c5.4xlarge
848,1602769320.0,0.0,i-0f6f2e19ec9ad442a,CPUUtilization,c5.4xlarge
849,1602773520.0,0.0,i-0f6f2e19ec9ad442a,CPUUtilization,c5.4xlarge
850,1602771420.0,0.0,i-0f6f2e19ec9ad442a,CPUUtilization,c5.4xlarge
851,1602775620.0,0.0,i-0f6f2e19ec9ad442a,CPUUtilization,c5.4xlarge
852,1602768120.0,0.0,i-0f6f2e19ec9ad442a,CPUUtilization,c5.4xlarge
853,1602770220.0,0.0,i-0f6f2e19ec9ad442a,CPUUtilization,c5.4xlarge
854,1602774420.0,0.0,i-0f6f2e19ec9ad442a,CPUUtilization,c5.4xlarge
855,1602772320.0,0.4,i-0f6f2e19ec9ad442a,CPUUtilization,c5.4xlarge
856,1602776520.0,0.0,i-0f6f2e19ec9ad442a,CPUUtilization,c5.4xlarge
857,1602773820.0,0.0,i-0188285242376b764,CPUUtilization,c5.4xlarge
858,1602771720.0,0.0,i-0188285242376b764,CPUUtilization,c5.4xlarge
859,1602775920.0,0.0,i-0188285242376b764,CPUUtilization,c5.4xlarge
860,1602766320.0,0.2,i-0188285242376b764,CPUUtilization,c5.4xlarge
861,1602768420.0,0.0,i-0188285242376b764,CPUUtilization,c5.4xlarge
862,1602770520.0,0.0,i-0188285242376b764,CPUUtilization,c5.4xlarge
863,1602774720.0,0.0,i-0188285242376b764,CPUUtilization,c5.4xlarge
864,1602772620.0,0.0,i-0188285242376b764,CPUUtilization,c5.4xlarge
865,1602776820.0,0.0,i-0188285242376b764,CPUUtilization,c5.4xlarge
866,1602767220.0,0.0,i-0188285242376b764,CPUUtilization,c5.4xlarge
867,1602776220.0,0.0,i-0188285242376b764,CPUUtilization,c5.4xlarge
868,1602766620.0,0.0,i-0188285242376b764,CPUUtilization,c5.4xlarge
869,1602768720.0,0.0,i-0188285242376b764,CPUUtilization,c5.4xlarge
870,1602770820.0,0.0,i-0188285242376b764,CPUUtilization,c5.4xlarge
871,1602775020.0,0.0,i-0188285242376b764,CPUUtilization,c5.4xlarge
872,1602772920.0,0.0,i-0188285242376b764,CPUUtilization,c5.4xlarge
873,1602767520.0,0.0,i-0188285242376b764,CPUUtilization,c5.4xlarge
874,1602769620.0,0.0,i-0188285242376b764,CPUUtilization,c5.4xlarge
875,1602766920.0,0.0,i-0188285242376b764,CPUUtilization,c5.4xlarge
876,1602769020.0,0.0,i-0188285242376b764,CPUUtilization,c5.4xlarge
877,1602773220.0,0.0,i-0188285242376b764,CPUUtilization,c5.4xlarge
878,1602771120.0,0.0,i-0188285242376b764,CPUUtilization,c5.4xlarge
879,1602775320.0,0.0,i-0188285242376b764,CPUUtilization,c5.4xlarge
880,1602767820.0,0.0,i-0188285242376b764,CPUUtilization,c5.4xlarge
881,1602769920.0,0.0,i-0188285242376b764,CPUUtilization,c5.4xlarge
882,1602774120.0,0.0,i-0188285242376b764,CPUUtilization,c5.4xlarge
883,1602772020.0,0.0,i-0188285242376b764,CPUUtilization,c5.4xlarge
884,1602769320.0,0.0,i-0188285242376b764,CPUUtilization,c5.4xlarge
885,1602773520.0,0.0,i-0188285242376b764,CPUUtilization,c5.4xlarge
886,1602771420.0,0.4,i-0188285242376b764,CPUUtilization,c5.4xlarge
887,1602775620.0,0.0,i-0188285242376b764,CPUUtilization,c5.4xlarge
888,1602768120.0,0.0,i-0188285242376b764,CPUUtilization,c5.4xlarge
889,1602770220.0,0.0,i-0188285242376b764,CPUUtilization,c5.4xlarge
890,1602774420.0,0.0,i-0188285242376b764,CPUUtilization,c5.4xlarge
891,1602772320.0,0.0,i-0188285242376b764,CPUUtilization,c5.4xlarge
892,1602776520.0,0.0,i-0188285242376b764,CPUUtilization,c5.4xlarge
893,1602773820.0,0.06666666666666761,i-05f2bbd283284ae1c,CPUUtilization,t2.micro
894,1602771720.0,0.06666666666666761,i-05f2bbd283284ae1c,CPUUtilization,t2.micro
895,1602775920.0,0.0333333333333314,i-05f2bbd283284ae1c,CPUUtilization,t2.micro
896,1602766320.0,0.0333333333333314,i-05f2bbd283284ae1c,CPUUtilization,t2.micro
897,1602768420.0,0.06666666666666761,i-05f2bbd283284ae1c,CPUUtilization,t2.micro
898,1602770520.0,0.0666666666666628,i-05f2bbd283284ae1c,CPUUtilization,t2.micro
899,1602774720.0,0.0333333333333314,i-05f2bbd283284ae1c,CPUUtilization,t2.micro
900,1602772620.0,0.06666666666666761,i-05f2bbd283284ae1c,CPUUtilization,t2.micro
901,1602767220.0,0.06666666666666761,i-05f2bbd283284ae1c,CPUUtilization,t2.micro
902,1602776220.0,0.0666666666666628,i-05f2bbd283284ae1c,CPUUtilization,t2.micro
903,1602766620.0,0.06666666666666761,i-05f2bbd283284ae1c,CPUUtilization,t2.micro
904,1602768720.0,0.0333333333333314,i-05f2bbd283284ae1c,CPUUtilization,t2.micro
905,1602770820.0,0.06666666666666761,i-05f2bbd283284ae1c,CPUUtilization,t2.micro
906,1602775020.0,0.0666666666666724,i-05f2bbd283284ae1c,CPUUtilization,t2.micro
907,1602772920.0,0.0666666666666628,i-05f2bbd283284ae1c,CPUUtilization,t2.micro
908,1602767520.0,0.0338983050847486,i-05f2bbd283284ae1c,CPUUtilization,t2.micro
909,1602769620.0,0.0666666666666628,i-05f2bbd283284ae1c,CPUUtilization,t2.micro
910,1602766920.0,0.0333333333333314,i-05f2bbd283284ae1c,CPUUtilization,t2.micro
911,1602769020.0,0.06666666666666761,i-05f2bbd283284ae1c,CPUUtilization,t2.micro
912,1602773220.0,0.06723163841808,i-05f2bbd283284ae1c,CPUUtilization,t2.micro
913,1602771120.0,0.0333333333333362,i-05f2bbd283284ae1c,CPUUtilization,t2.micro
914,1602775320.0,0.0666666666666628,i-05f2bbd283284ae1c,CPUUtilization,t2.micro
915,1602767820.0,0.0661202185792312,i-05f2bbd283284ae1c,CPUUtilization,t2.micro
916,1602769920.0,0.0333333333333362,i-05f2bbd283284ae1c,CPUUtilization,t2.micro
917,1602774120.0,0.06723163841808,i-05f2bbd283284ae1c,CPUUtilization,t2.micro
918,1602772020.0,0.06666666666666761,i-05f2bbd283284ae1c,CPUUtilization,t2.micro
919,1602769320.0,0.06666666666666761,i-05f2bbd283284ae1c,CPUUtilization,t2.micro
920,1602773520.0,0.066120218579236,i-05f2bbd283284ae1c,CPUUtilization,t2.micro
921,1602771420.0,0.0666666666666628,i-05f2bbd283284ae1c,CPUUtilization,t2.micro
922,1602775620.0,0.0666666666666724,i-05f2bbd283284ae1c,CPUUtilization,t2.micro
923,1602768120.0,0.0333333333333362,i-05f2bbd283284ae1c,CPUUtilization,t2.micro
924,1602770220.0,0.0661202185792358,i-05f2bbd283284ae1c,CPUUtilization,t2.micro
925,1602774420.0,0.0666666666666628,i-05f2bbd283284ae1c,CPUUtilization,t2.micro
926,1602772320.0,0.06666666666666761,i-05f2bbd283284ae1c,CPUUtilization,t2.micro
927,1602776520.0,0.0666666666666724,i-05f2bbd283284ae1c,CPUUtilization,t2.micro
